{
    "raw": [
        {
            "data_len": 1073741824,
            "elapsed": 0.381,
            "mbits": 22545.760083989502
        }
    ],
    "sum": {
        "data_len": 1073741824,
        "elapsed": 0.381,
        "mbits": 22545.760083989502
    },
    "avg": {
        "data_len": 1073741824.0,
        "elapsed": 0.381,
        "mbits": 22545.760083989502
    }
}