{
    "raw": [
        {
            "data_len": 1073741824,
            "elapsed": 1.391,
            "mbits": 6175.366349388929
        },
        {
            "data_len": 1073741824,
            "elapsed": 1.332,
            "mbits": 6448.899843843844
        },
        {
            "data_len": 1073741824,
            "elapsed": 1.217,
            "mbits": 7058.286435497124
        },
        {
            "data_len": 1073741824,
            "elapsed": 1.284,
            "mbits": 6689.980211838007
        }
    ],
    "sum": {
        "data_len": 4294967296,
        "elapsed": 5.224,
        "mbits": 26372.532840567903
    },
    "avg": {
        "data_len": 1073741824.0,
        "elapsed": 1.306,
        "mbits": 6593.133210141976
    }
}