{
    "raw": [
        {
            "data_len": 1073741824,
            "elapsed": 1.478,
            "mbits": 5811.863729364006
        },
        {
            "data_len": 1073741824,
            "elapsed": 1.45,
            "mbits": 5924.092822068966
        },
        {
            "data_len": 1073741824,
            "elapsed": 1.469,
            "mbits": 5847.470791014295
        }
    ],
    "sum": {
        "data_len": 3221225472,
        "elapsed": 4.397,
        "mbits": 17583.427342447267
    },
    "avg": {
        "data_len": 1073741824.0,
        "elapsed": 1.4656666666666667,
        "mbits": 5861.1424474824225
    }
}