{
    "raw": [
        {
            "data_len": 1073741824,
            "elapsed": 1.461,
            "mbits": 5879.489796030116
        }
    ],
    "sum": {
        "data_len": 1073741824,
        "elapsed": 1.461,
        "mbits": 5879.489796030116
    },
    "avg": {
        "data_len": 1073741824.0,
        "elapsed": 1.461,
        "mbits": 5879.489796030116
    }
}