{
    "raw": [
        {
            "data_len": 1073741824,
            "elapsed": 0.344,
            "mbits": 24970.740093023254
        },
        {
            "data_len": 1073741824,
            "elapsed": 0.506,
            "mbits": 16976.1553201581
        }
    ],
    "sum": {
        "data_len": 2147483648,
        "elapsed": 0.85,
        "mbits": 41946.89541318135
    },
    "avg": {
        "data_len": 1073741824.0,
        "elapsed": 0.425,
        "mbits": 20973.447706590676
    }
}