{
    "raw": [
        {
            "data_len": 1073741824,
            "elapsed": 0.516,
            "mbits": 16647.160062015504
        },
        {
            "data_len": 1073741824,
            "elapsed": 0.541,
            "mbits": 15877.8827948244
        },
        {
            "data_len": 1073741824,
            "elapsed": 0.404,
            "mbits": 21262.214336633664
        },
        {
            "data_len": 1073741824,
            "elapsed": 0.492,
            "mbits": 17459.216650406503
        }
    ],
    "sum": {
        "data_len": 4294967296,
        "elapsed": 1.9529999999999998,
        "mbits": 71246.47384388007
    },
    "avg": {
        "data_len": 1073741824.0,
        "elapsed": 0.48824999999999996,
        "mbits": 17811.618460970018
    }
}