{
    "raw": [
        {
            "data_len": 1073741824,
            "elapsed": 1.57,
            "mbits": 5471.295918471337
        },
        {
            "data_len": 1073741824,
            "elapsed": 1.249,
            "mbits": 6877.449633306645
        }
    ],
    "sum": {
        "data_len": 2147483648,
        "elapsed": 2.819,
        "mbits": 12348.745551777982
    },
    "avg": {
        "data_len": 1073741824.0,
        "elapsed": 1.4095,
        "mbits": 6174.372775888991
    }
}