{
    "raw": [
        {
            "data_len": 1073741824,
            "elapsed": 0.497,
            "mbits": 17283.570607645874
        },
        {
            "data_len": 1073741824,
            "elapsed": 0.497,
            "mbits": 17283.570607645874
        },
        {
            "data_len": 1073741824,
            "elapsed": 0.497,
            "mbits": 17283.570607645874
        }
    ],
    "sum": {
        "data_len": 3221225472,
        "elapsed": 1.491,
        "mbits": 51850.71182293762
    },
    "avg": {
        "data_len": 1073741824.0,
        "elapsed": 0.49700000000000005,
        "mbits": 17283.570607645874
    }
}