{
    "raw": [
        {
            "data_len": 6474663198.72,
            "elapsed": 10.0,
            "mbits": 5180.0
        },
        {
            "data_len": 6721623818.24,
            "elapsed": 10.0,
            "mbits": 5490.0
        },
        {
            "data_len": 6259914833.92,
            "elapsed": 10.0,
            "mbits": 5060.0
        }
    ],
    "sum": {
        "data_len": 19456201850.879997,
        "elapsed": 30.0,
        "mbits": 15730.0
    },
    "avg": {
        "data_len": 6485400616.959999,
        "elapsed": 10.0,
        "mbits": 5243.333333333333
    }
}