{
    "raw": [
        {
            "data_len": 41231686041.6,
            "elapsed": 10.0,
            "mbits": 32900.0
        },
        {
            "data_len": 43701292236.8,
            "elapsed": 10.0,
            "mbits": 35000.0
        },
        {
            "data_len": 41661182771.2,
            "elapsed": 10.0,
            "mbits": 33300.0
        }
    ],
    "sum": {
        "data_len": 126594161049.59999,
        "elapsed": 30.0,
        "mbits": 101200.0
    },
    "avg": {
        "data_len": 42198053683.2,
        "elapsed": 10.0,
        "mbits": 33733.333333333336
    }
}