{
    "raw": [
        {
            "data_len": 6624987054.08,
            "elapsed": 10.0,
            "mbits": 5300.0
        },
        {
            "data_len": 6936372183.04,
            "elapsed": 10.0,
            "mbits": 5560.0
        }
    ],
    "sum": {
        "data_len": 13561359237.119999,
        "elapsed": 20.0,
        "mbits": 10860.0
    },
    "avg": {
        "data_len": 6780679618.559999,
        "elapsed": 10.0,
        "mbits": 5430.0
    }
}